{"0": 0.7870175438596492, "1": 1.0530516431924883, "2": 0.9464135021097047, "3": 0.8714063714063714, "4": 1.2337733773377337, "5": 1.307109557109557}